"","Chi-Square","d.f."
"beta",283.042896994976,299
"delta",306.612919570833,299
"lambdaluce",271.00066229868,299
"covariance matrix",807.56832499274,900
