"","Chi-Square","d.f."
"beta",281.138940465565,299
"delta",273.374403496317,299
"lambdaluce",277.516882184615,299
"covariance matrix",852.184571390378,900
