"","Chi-Square","d.f."
"alpha",272.927957005806,299
"gamma",295.227769126066,299
"luce",328.459062441477,299
"covariance matrix",902.333731330662,900
