"","Chi-Square","d.f."
"beta",298.305651040039,299
"delta",321.084173623685,299
"lambdaluce",291.532494941361,299
"covariance matrix",905.752863207952,900
