"","Chi-Square","d.f."
"beta",266.109141240996,299
"delta",267.789274928737,299
"lambdaluce",281.324010396077,299
"covariance matrix",896.166050900392,900
