"","Chi-Square","d.f."
"alpha",261.33738878452,299
"gamma",288.996373928505,299
"luce",261.318529241247,299
"covariance matrix",866.888266704028,900
