"","Chi-Square","d.f."
"beta",360.071996637521,299
"delta",303.635723685917,299
"lambdaluce",276.744543103384,299
"covariance matrix",898.974153345737,900
