"","Chi-Square","d.f."
"alpha",315.859472737394,299
"gamma",291.435216979916,299
"luce",294.050983699404,299
"covariance matrix",894.282166996986,900
