"","Chi-Square","d.f."
"beta",321.642003871363,299
"delta",310.460099382343,299
"lambdaluce",278.880320177549,299
"covariance matrix",895.799364892932,900
