"","Chi-Square","d.f."
"beta",316.753994863611,299
"delta",309.716159414326,299
"lambdaluce",262.050793071913,299
"covariance matrix",908.473367623167,900
