"","Chi-Square","d.f."
"beta",312.023569385698,299
"delta",314.732479288605,299
"lambdaluce",307.336196000111,299
"covariance matrix",938.181103511143,900
