"","Chi-Square","d.f."
"alpha",261.363841053712,299
"gamma",277.605167231416,299
"luce",332.053613434369,299
"covariance matrix",865.517480992029,900
