"","Chi-Square","d.f."
"alpha",275.65581806925,299
"gamma",279.573400518611,299
"luce",307.907626061407,299
"covariance matrix",861.220436445086,900
