"","Chi-Square","d.f."
"alpha",309.718415116129,299
"gamma",256.067273937707,299
"luce",289.904807688602,299
"covariance matrix",907.444375076079,900
