"","Chi-Square","d.f."
"beta",273.778308326866,299
"delta",278.143552579141,299
"lambdaluce",286.731852063294,299
"covariance matrix",850.947624493348,900
